title,url
Gitでのコンフリクトの解消,https://www.youtube.com/embed/_fxSc2zVyiM
サロン内転職相談会(10/28),https://www.youtube.com/embed/M1EDVXK6qB8
ブログコンサル,https://www.youtube.com/embed/OSs4k4TVCK4
Railsの基礎&Githubを用いた開発の進め方,https://www.youtube.com/embed/dQIV-qHjQ4E
【ブログで月10万稼いでいる自己投資の鬼】アラキさん対談,https://www.youtube.com/embed/uyQGn_iKWVI
Bootstrapの実装,https://www.youtube.com/embed/YVNvGLGvIUQ
CSVインポート機能の実装,https://www.youtube.com/embed/ZsunJSysvOY
【Rails】findとfind_byの違い,https://www.youtube.com/embed/5r7nHaVpdSs
【Rails】findについて補足,https://www.youtube.com/embed/zxza5s91XKM
【Vue】Vueの概要,https://www.youtube.com/embed/51patVZKF7M
スキルアップが見込めるSES・SIerの見分け方,https://www.youtube.com/embed/06eBTaFFrxY
JSの「変数の巻き上げ」について学んでみた,https://www.youtube.com/embed/PIkcosmL5k4
Vue jsで作ったアプリをHerokuへデプロイ,https://www.youtube.com/embed/moIqDq062No
RailsでのAjaxの実装,https://www.youtube.com/embed/ehdfsKFrUnI
RubyでToDo管理アプリを再現・前編,https://www.youtube.com/embed/87wcVNANBwY
RubyでToDo管理アプリを再現・中編,https://www.youtube.com/embed/TpdITTT9LQM
CircleCI ウシジマさん講座,https://www.youtube.com/embed/N7vmtP9P5O8
RubyでTODO管理アプリを再現・後編,https://www.youtube.com/embed/H61gn2wF_Kg
RubyでTODO管理アプリを再現・最終回,https://www.youtube.com/embed/AhnQvJpl_j4
APIの実装とテストについて,https://www.youtube.com/embed/H74-tvhlIbk
【第1回】Twitterクローンアプリで学ぶアソシエーション勉強会,https://www.youtube.com/embed/mTeCYotISMk
【第2回】Twitterクローンアプリで学ぶアソシエーション勉強会,https://www.youtube.com/embed/V85-9-6wBtM
【第3回】Twitterクローンアプリで学ぶアソシエーション勉強会,https://www.youtube.com/embed/VBUaMV8aG9k
【ハッカソン】チャットアプリ開発,https://www.youtube.com/embed/iuzy4xGl9QQ
【ハッカソン】チャットアプリ開発・デザイン,https://www.youtube.com/embed/mRbrkX-rWZ8
ブラックジャックプログラムコードレビュー,https://www.youtube.com/embed/ap6FtdZa_xg
Terraformハンズオン（VPC~EC2作成まで）,https://www.youtube.com/embed/NRSN57kQsvE
【初心者必見】Rails環境構築中のエラーを一緒に解決してみた,https://www.youtube.com/embed/qZEHjMtsEq0