category,title,url
Talk,学習方法&収益コンサル,https://www.youtube.com/embed/pMV-zGMfkJU
Talk,ナガタさん&佐々木さん転職相談,https://www.youtube.com/embed/QYJNe4q_J_g
Talk,フルリモートフリーランスの時間の使い方,https://www.youtube.com/embed/1nQIbvC2Fjg
Talk,テックエキスパートのカリキュラムなど,https://www.youtube.com/embed/zuPcJOOivb4
Talk,現役エンジニアが選ぶオススメの技術書,https://www.youtube.com/embed/hezq37rbVjo
Talk,良いプログラミングスクールはどこか？,https://www.youtube.com/embed/xtkVb79269M
Talk,tanakinさんのコードレビュー,https://www.youtube.com/embed/cyYI6B6R-aQ
Talk,転職活動コンサル・さなださん,https://www.youtube.com/embed/c1k5Z-HnmXE
Talk,高卒・アラサーからプログラマーに転職したあじーさんのインタビュー,https://www.youtube.com/embed/jvSOJvq_kAg
Talk,36歳携帯販売員からプログラマーに転職した田中さんのインタビュー,https://www.youtube.com/embed/f-MOZRFL1EQ
Talk,女性エンジニアの育成に特化した株式会社 凛・柳田さんのインタビュー,https://www.youtube.com/embed/ZWSPXXMR8dI
Talk,沖縄でのんびり暇人生活を実現させるためにやったこと,https://www.youtube.com/embed/h3FLB0iS9e0
Talk,【人生逃げ切りサロン沖縄合宿】インフルエンサーはなぜオワコン化するのか・りゅうけんさん,https://www.youtube.com/embed/NPhC7Nb9ouM
Talk,【人生逃げ切りサロン沖縄合宿】年商3億円計画・迫くん,https://www.youtube.com/embed/CeF-G4Ub0H8
Talk,【人生逃げ切りサロン沖縄合宿】半年で月商500万を達成！サロンをどう活用したか・えなみさん,https://www.youtube.com/embed/cYKNhz_rhYc
Talk,【人生逃げ切りサロン沖縄合宿】沖縄でのんびり暇人生活を実現するためにやってきたこと・神里,https://www.youtube.com/embed/aiObxPUXv6s
Talk,【セミナー】かみざとがWEBで商品を売るまでの全過程,https://www.youtube.com/embed/JQ6FOa5CW48
Talk,転職せずにエンジニアになったサナダさんのインタビュー,https://www.youtube.com/embed/gBCsgyDqV54
Talk,未経験者でありながらゴリゴリロジックを書きまくるつじいさんのポテンシャルの秘密に迫ってみた,https://www.youtube.com/embed/M991A2lnj7A
Talk,機械学習エンジニアのとみーさん対談,https://www.youtube.com/embed/1H_Bwe1XHcE